"Var_1","Var_2","Var_3"
"k",10,NA
"k",68.2352941176471,NA
"l",126.470588235294,NA
"l",184.705882352941,NA
"m",242.941176470588,NA
"m",301.176470588235,NA
"n",359.411764705882,NA
"n",417.647058823529,NA
"o",475.882352941176,NA
"o",534.117647058824,NA
"p",592.352941176471,NA
"p",650.588235294118,NA
"q",708.823529411765,NA
"q",767.058823529412,NA
"r",825.294117647059,NA
"r",883.529411764706,NA
"s",941.764705882353,NA
"s",1000,NA
